{
  "A": {
    "strategy_id": "A",
    "total_return": 10909.47,
    "win_rate": 0.7378,
    "profit_factor": 3.3013,
    "max_drawdown": 439.12,
    "annualised_sharpe": 7.4996,
    "sortino_ratio": 13.0421,
    "avg_trade_duration": "1.9h",
    "exposure_pct": 7.35,
    "num_trades": 164,
    "largest_losing_streak": 3,
    "equity_curve": [
      69.62,
      -22.159999999999997,
      323.98,
      266.51,
      549.36,
      514.74,
      538.09,
      1030.05,
      1076.76,
      853.91,
      700.89,
      889.2600000000001,
      912.3400000000001,
      1416.63,
      1463.12,
      1707.3199999999997,
      1941.9699999999998,
      1882.3199999999997,
      2656.1599999999994,
      3074.359999999999,
      2871.8599999999997,
      3274.0399999999995,
      3451.1599999999994,
      3677.2299999999996,
      3238.1099999999997,
      3616.6799999999994,
      4206.799999999999,
      4525.699999999999,
      4891.829999999999,
      4797.44,
      5506.069999999999,
      6145.019999999998,
      6574.699999999997,
      6576.829999999997,
      7573.259999999997,
      8082.459999999996,
      8647.119999999997,
      9005.519999999999,
      8936.3,
      9258.039999999997,
      9638.499999999998,
      9938.699999999999,
      10335.66,
      10275.380000000001,
      10558.19,
      10534.43,
      10745.230000000001,
      10756.7,
      10604.880000000001,
      10909.47
    ]
  },
  "B": {
    "strategy_id": "B",
    "total_return": -0.46,
    "win_rate": 0.625,
    "profit_factor": 0.4103,
    "max_drawdown": 0.51,
    "annualised_sharpe": -4.4397,
    "sortino_ratio": -4.3198,
    "avg_trade_duration": "1.3h",
    "exposure_pct": 1.82,
    "num_trades": 8,
    "largest_losing_streak": 2,
    "equity_curve": [
      -0.27,
      -0.14,
      -0.06000000000000001,
      -0.02000000000000001,
      0.009999999999999988,
      0.04999999999999999,
      -0.42,
      -0.45999999999999996,
      -0.45999999999999996,
      -0.45999999999999996,
      -0.45999999999999996,
      -0.45999999999999996,
      -0.45999999999999996,
      -0.45999999999999996,
      -0.45999999999999996,
      -0.45999999999999996,
      -0.45999999999999996,
      -0.45999999999999996,
      -0.45999999999999996,
      -0.45999999999999996,
      -0.45999999999999996,
      -0.45999999999999996,
      -0.45999999999999996,
      -0.45999999999999996,
      -0.45999999999999996,
      -0.45999999999999996,
      -0.45999999999999996,
      -0.45999999999999996,
      -0.45999999999999996,
      -0.45999999999999996,
      -0.45999999999999996,
      -0.45999999999999996,
      -0.45999999999999996,
      -0.45999999999999996,
      -0.45999999999999996,
      -0.45999999999999996,
      -0.45999999999999996,
      -0.45999999999999996,
      -0.45999999999999996,
      -0.45999999999999996,
      -0.45999999999999996,
      -0.45999999999999996,
      -0.45999999999999996,
      -0.45999999999999996,
      -0.45999999999999996,
      -0.45999999999999996,
      -0.45999999999999996,
      -0.45999999999999996,
      -0.45999999999999996,
      -0.45999999999999996
    ]
  },
  "C": {
    "strategy_id": "C",
    "total_return": 0.05,
    "win_rate": 0.42,
    "profit_factor": 1.1874,
    "max_drawdown": 0.08,
    "annualised_sharpe": 0.1069,
    "sortino_ratio": 0.1775,
    "avg_trade_duration": "0.1h",
    "exposure_pct": 89.66,
    "num_trades": 50,
    "largest_losing_streak": 6,
    "equity_curve": [
      0.010000000000000009,
      0.02000000782689515,
      0.010000003413172642,
      0.030000019323941807,
      0.04000001843964518,
      0.03000001476146874,
      0.0500000098582305,
      0.060000010052843056,
      0.07000001063015127,
      0.06000000986733112,
      0.08000001699585824,
      0.09000002108868121,
      0.0800000252358748,
      0.06000001798230237,
      0.019999999876052943,
      0.1000000053248109,
      0.0900000037865385,
      0.1100000115480535,
      0.10000000791030306,
      0.08000000675138097,
      0.12000000362488816,
      0.10999999745058586,
      0.10712765833503446,
      0.10197349551700552,
      0.09340011217115873,
      0.12178791987087068,
      0.12306269988614149,
      0.12146637300953256,
      0.12076447165541826,
      0.11808292755120242,
      0.10205832698692607,
      0.06635793740819029,
      0.04402890673026694,
      0.058795403317438155,
      0.055023678345551,
      0.05501233814426387,
      0.05874120376386538,
      0.06126048390738548,
      0.05755970725999071,
      0.05622370290594292,
      0.058384758111740265,
      0.058202291742555645,
      0.06840731121112731,
      0.06434880680492394,
      0.06550330343413469,
      0.06366594128649572,
      0.0682401644806534,
      0.06723839798003095,
      0.05722254418458761,
      0.05189476680853533
    ]
  }
}